{
  "best_metric": 23.935642865264043,
  "best_model_checkpoint": "./results\\checkpoint-213",
  "epoch": 3.0,
  "eval_steps": 500,
  "global_step": 213,
  "is_hyper_param_search": false,
  "is_local_process_zero": true,
  "is_world_process_zero": true,
  "log_history": [
    {
      "epoch": 1.0,
      "eval_loss": 0.49328675866127014,
      "eval_mape": 30.780433073619704,
      "eval_rouge1": 0.8916720395443785,
      "eval_rouge2": 0.8783490937746251,
      "eval_rougeL": 0.8917257683215116,
      "eval_rougeLsum": 0.891697112973707,
      "eval_runtime": 28.1196,
      "eval_samples_per_second": 5.014,
      "eval_steps_per_second": 1.28,
      "step": 71
    },
    {
      "epoch": 2.0,
      "eval_loss": 0.4773918390274048,
      "eval_mape": 28.9426272856906,
      "eval_rouge1": 0.8918403897127286,
      "eval_rouge2": 0.8785460992907798,
      "eval_rougeL": 0.8918547173866309,
      "eval_rougeLsum": 0.8918547173866307,
      "eval_runtime": 28.6973,
      "eval_samples_per_second": 4.913,
      "eval_steps_per_second": 1.254,
      "step": 142
    },
    {
      "epoch": 3.0,
      "eval_loss": 0.4664247930049896,
      "eval_mape": 23.935642865264043,
      "eval_rouge1": 0.8911383336915237,
      "eval_rouge2": 0.8778171788810083,
      "eval_rougeL": 0.8911454975284749,
      "eval_rougeLsum": 0.8911454975284746,
      "eval_runtime": 29.63,
      "eval_samples_per_second": 4.759,
      "eval_steps_per_second": 1.215,
      "step": 213
    }
  ],
  "logging_steps": 500,
  "max_steps": 426,
  "num_input_tokens_seen": 0,
  "num_train_epochs": 6,
  "save_steps": 500,
  "stateful_callbacks": {
    "TrainerControl": {
      "args": {
        "should_epoch_stop": false,
        "should_evaluate": false,
        "should_log": false,
        "should_save": true,
        "should_training_stop": false
      },
      "attributes": {}
    }
  },
  "total_flos": 118434462474240.0,
  "train_batch_size": 8,
  "trial_name": null,
  "trial_params": null
}
